month,editor_type,total.content,total.non-content
2001--0-9-T00:00:00.000Z,anonymous,1,5
2001--0-9-T00:00:00.000Z,user,,6
2001--0-9-T00:00:00.000Z,group-bot,,
2001--0-9-T00:00:00.000Z,name-bot,,
2001--1-0-T00:00:00.000Z,anonymous,64,20
2001--1-0-T00:00:00.000Z,user,36,3
2001--1-0-T00:00:00.000Z,group-bot,,
2001--1-0-T00:00:00.000Z,name-bot,,
2001--1-1-T00:00:00.000Z,anonymous,62,13
2001--1-1-T00:00:00.000Z,user,318,35
2001--1-1-T00:00:00.000Z,group-bot,,
2001--1-1-T00:00:00.000Z,name-bot,,
2001--1-2-T00:00:00.000Z,anonymous,32,2
2001--1-2-T00:00:00.000Z,user,178,13
2001--1-2-T00:00:00.000Z,group-bot,,
2001--1-2-T00:00:00.000Z,name-bot,,
2002--0-1-T00:00:00.000Z,anonymous,192,23
2002--0-1-T00:00:00.000Z,user,342,33
2002--0-1-T00:00:00.000Z,group-bot,,
2002--0-1-T00:00:00.000Z,name-bot,,
2002--0-2-T00:00:00.000Z,anonymous,81,5
2002--0-2-T00:00:00.000Z,user,482,22
2002--0-2-T00:00:00.000Z,group-bot,,
2002--0-2-T00:00:00.000Z,name-bot,,
2002--0-3-T00:00:00.000Z,anonymous,134,4
2002--0-3-T00:00:00.000Z,user,654,26
2002--0-3-T00:00:00.000Z,group-bot,,
2002--0-3-T00:00:00.000Z,name-bot,,
2002--0-4-T00:00:00.000Z,anonymous,166,1
2002--0-4-T00:00:00.000Z,user,571,16
2002--0-4-T00:00:00.000Z,group-bot,,
2002--0-4-T00:00:00.000Z,name-bot,,
2002--0-5-T00:00:00.000Z,anonymous,136,2
2002--0-5-T00:00:00.000Z,user,1004,7
2002--0-5-T00:00:00.000Z,group-bot,,
2002--0-5-T00:00:00.000Z,name-bot,,
2002--0-6-T00:00:00.000Z,anonymous,206,17
2002--0-6-T00:00:00.000Z,user,675,64
2002--0-6-T00:00:00.000Z,group-bot,,
2002--0-6-T00:00:00.000Z,name-bot,,
2002--0-7-T00:00:00.000Z,anonymous,323,23
2002--0-7-T00:00:00.000Z,user,1565,107
2002--0-7-T00:00:00.000Z,group-bot,,
2002--0-7-T00:00:00.000Z,name-bot,,
2002--0-8-T00:00:00.000Z,anonymous,339,12
2002--0-8-T00:00:00.000Z,user,1255,90
2002--0-8-T00:00:00.000Z,group-bot,,
2002--0-8-T00:00:00.000Z,name-bot,,
2002--0-9-T00:00:00.000Z,anonymous,896,25
2002--0-9-T00:00:00.000Z,user,2382,103
2002--0-9-T00:00:00.000Z,group-bot,,
2002--0-9-T00:00:00.000Z,name-bot,,
2002--1-0-T00:00:00.000Z,anonymous,732,43
2002--1-0-T00:00:00.000Z,user,1822,123
2002--1-0-T00:00:00.000Z,group-bot,,
2002--1-0-T00:00:00.000Z,name-bot,,
2002--1-1-T00:00:00.000Z,anonymous,7548,391
2002--1-1-T00:00:00.000Z,user,1651,557
2002--1-1-T00:00:00.000Z,group-bot,,
2002--1-1-T00:00:00.000Z,name-bot,,
2002--1-2-T00:00:00.000Z,anonymous,634,22
2002--1-2-T00:00:00.000Z,user,3116,458
2002--1-2-T00:00:00.000Z,group-bot,,
2002--1-2-T00:00:00.000Z,name-bot,,
2003--0-1-T00:00:00.000Z,anonymous,585,25
2003--0-1-T00:00:00.000Z,user,3933,547
2003--0-1-T00:00:00.000Z,group-bot,,
2003--0-1-T00:00:00.000Z,name-bot,,
2003--0-2-T00:00:00.000Z,anonymous,939,23
2003--0-2-T00:00:00.000Z,user,4671,598
2003--0-2-T00:00:00.000Z,group-bot,,
2003--0-2-T00:00:00.000Z,name-bot,,
2003--0-3-T00:00:00.000Z,anonymous,2215,18
2003--0-3-T00:00:00.000Z,user,6681,800
2003--0-3-T00:00:00.000Z,group-bot,,
2003--0-3-T00:00:00.000Z,name-bot,,
2003--0-4-T00:00:00.000Z,anonymous,624,34
2003--0-4-T00:00:00.000Z,user,5868,574
2003--0-4-T00:00:00.000Z,group-bot,,
2003--0-4-T00:00:00.000Z,name-bot,,
2003--0-5-T00:00:00.000Z,anonymous,780,49
2003--0-5-T00:00:00.000Z,user,4295,691
2003--0-5-T00:00:00.000Z,group-bot,,
2003--0-5-T00:00:00.000Z,name-bot,,
2003--0-6-T00:00:00.000Z,anonymous,725,25
2003--0-6-T00:00:00.000Z,user,4218,679
2003--0-6-T00:00:00.000Z,group-bot,,
2003--0-6-T00:00:00.000Z,name-bot,,
2003--0-7-T00:00:00.000Z,anonymous,646,50
2003--0-7-T00:00:00.000Z,user,4550,1041
2003--0-7-T00:00:00.000Z,group-bot,,
2003--0-7-T00:00:00.000Z,name-bot,40,
2003--0-8-T00:00:00.000Z,anonymous,923,30
2003--0-8-T00:00:00.000Z,user,3063,471
2003--0-8-T00:00:00.000Z,group-bot,,
2003--0-8-T00:00:00.000Z,name-bot,,
2003--0-9-T00:00:00.000Z,anonymous,927,50
2003--0-9-T00:00:00.000Z,user,3834,551
2003--0-9-T00:00:00.000Z,group-bot,,
2003--0-9-T00:00:00.000Z,name-bot,,
2003--1-0-T00:00:00.000Z,anonymous,2658,42
2003--1-0-T00:00:00.000Z,user,3653,579
2003--1-0-T00:00:00.000Z,group-bot,,
2003--1-0-T00:00:00.000Z,name-bot,,
2003--1-1-T00:00:00.000Z,anonymous,1687,114
2003--1-1-T00:00:00.000Z,user,7049,1293
2003--1-1-T00:00:00.000Z,group-bot,,
2003--1-1-T00:00:00.000Z,name-bot,,
2003--1-2-T00:00:00.000Z,anonymous,1257,111
2003--1-2-T00:00:00.000Z,user,8907,1708
2003--1-2-T00:00:00.000Z,group-bot,,10
2003--1-2-T00:00:00.000Z,name-bot,893,8
2004--0-1-T00:00:00.000Z,anonymous,1523,69
2004--0-1-T00:00:00.000Z,user,10212,1550
2004--0-1-T00:00:00.000Z,group-bot,,3
2004--0-1-T00:00:00.000Z,name-bot,3465,3
2004--0-2-T00:00:00.000Z,anonymous,1814,118
2004--0-2-T00:00:00.000Z,user,10878,1673
2004--0-2-T00:00:00.000Z,group-bot,,
2004--0-2-T00:00:00.000Z,name-bot,7201,17
2004--0-3-T00:00:00.000Z,anonymous,3749,164
2004--0-3-T00:00:00.000Z,user,13385,2487
2004--0-3-T00:00:00.000Z,group-bot,,
2004--0-3-T00:00:00.000Z,name-bot,8395,9
2004--0-4-T00:00:00.000Z,anonymous,2973,160
2004--0-4-T00:00:00.000Z,user,12044,2594
2004--0-4-T00:00:00.000Z,group-bot,,
2004--0-4-T00:00:00.000Z,name-bot,6380,8
2004--0-5-T00:00:00.000Z,anonymous,2765,206
2004--0-5-T00:00:00.000Z,user,12737,3190
2004--0-5-T00:00:00.000Z,group-bot,,25
2004--0-5-T00:00:00.000Z,name-bot,1196,1
2004--0-6-T00:00:00.000Z,anonymous,7746,425
2004--0-6-T00:00:00.000Z,user,17603,4891
2004--0-6-T00:00:00.000Z,group-bot,,20
2004--0-6-T00:00:00.000Z,name-bot,13483,258
2004--0-7-T00:00:00.000Z,anonymous,3158,259
2004--0-7-T00:00:00.000Z,user,18874,4466
2004--0-7-T00:00:00.000Z,group-bot,,
2004--0-7-T00:00:00.000Z,name-bot,1872,1
2004--0-8-T00:00:00.000Z,anonymous,3403,292
2004--0-8-T00:00:00.000Z,user,17446,3328
2004--0-8-T00:00:00.000Z,group-bot,,
2004--0-8-T00:00:00.000Z,name-bot,630,1
2004--0-9-T00:00:00.000Z,anonymous,6475,850
2004--0-9-T00:00:00.000Z,user,23236,6644
2004--0-9-T00:00:00.000Z,group-bot,,
2004--0-9-T00:00:00.000Z,name-bot,7726,308
2004--1-0-T00:00:00.000Z,anonymous,6373,632
2004--1-0-T00:00:00.000Z,user,26626,5906
2004--1-0-T00:00:00.000Z,group-bot,,
2004--1-0-T00:00:00.000Z,name-bot,193,4
2004--1-1-T00:00:00.000Z,anonymous,7468,679
2004--1-1-T00:00:00.000Z,user,32799,6617
2004--1-1-T00:00:00.000Z,group-bot,,
2004--1-1-T00:00:00.000Z,name-bot,537,
2004--1-2-T00:00:00.000Z,anonymous,6849,613
2004--1-2-T00:00:00.000Z,user,31039,6427
2004--1-2-T00:00:00.000Z,group-bot,,22
2004--1-2-T00:00:00.000Z,name-bot,9550,590
2005--0-1-T00:00:00.000Z,anonymous,9872,859
2005--0-1-T00:00:00.000Z,user,38432,8519
2005--0-1-T00:00:00.000Z,group-bot,,
2005--0-1-T00:00:00.000Z,name-bot,2041,27
2005--0-2-T00:00:00.000Z,anonymous,7745,754
2005--0-2-T00:00:00.000Z,user,37874,8843
2005--0-2-T00:00:00.000Z,group-bot,,
2005--0-2-T00:00:00.000Z,name-bot,1915,3
2005--0-3-T00:00:00.000Z,anonymous,10366,787
2005--0-3-T00:00:00.000Z,user,37162,9248
2005--0-3-T00:00:00.000Z,group-bot,,
2005--0-3-T00:00:00.000Z,name-bot,2756,6
2005--0-4-T00:00:00.000Z,anonymous,15149,1126
2005--0-4-T00:00:00.000Z,user,45778,12335
2005--0-4-T00:00:00.000Z,group-bot,,
2005--0-4-T00:00:00.000Z,name-bot,8657,20
2005--0-5-T00:00:00.000Z,anonymous,15041,1095
2005--0-5-T00:00:00.000Z,user,55871,17310
2005--0-5-T00:00:00.000Z,group-bot,,
2005--0-5-T00:00:00.000Z,name-bot,16044,333
2005--0-6-T00:00:00.000Z,anonymous,18907,1314
2005--0-6-T00:00:00.000Z,user,65458,19690
2005--0-6-T00:00:00.000Z,group-bot,,38
2005--0-6-T00:00:00.000Z,name-bot,19853,1304
2005--0-7-T00:00:00.000Z,anonymous,14288,1250
2005--0-7-T00:00:00.000Z,user,48536,14506
2005--0-7-T00:00:00.000Z,group-bot,,6
2005--0-7-T00:00:00.000Z,name-bot,9497,761
2005--0-8-T00:00:00.000Z,anonymous,16110,1149
2005--0-8-T00:00:00.000Z,user,48556,16605
2005--0-8-T00:00:00.000Z,group-bot,,
2005--0-8-T00:00:00.000Z,name-bot,15393,649
2005--0-9-T00:00:00.000Z,anonymous,14691,1192
2005--0-9-T00:00:00.000Z,user,52953,18259
2005--0-9-T00:00:00.000Z,group-bot,,3
2005--0-9-T00:00:00.000Z,name-bot,123914,7315
2005--1-0-T00:00:00.000Z,anonymous,20360,1546
2005--1-0-T00:00:00.000Z,user,50930,18239
2005--1-0-T00:00:00.000Z,group-bot,,
2005--1-0-T00:00:00.000Z,name-bot,30443,317
2005--1-1-T00:00:00.000Z,anonymous,19773,1426
2005--1-1-T00:00:00.000Z,user,49196,17294
2005--1-1-T00:00:00.000Z,group-bot,,
2005--1-1-T00:00:00.000Z,name-bot,35316,1117
2005--1-2-T00:00:00.000Z,anonymous,27220,1650
2005--1-2-T00:00:00.000Z,user,71521,26073
2005--1-2-T00:00:00.000Z,group-bot,,6
2005--1-2-T00:00:00.000Z,name-bot,29454,800
2006--0-1-T00:00:00.000Z,anonymous,37116,2741
2006--0-1-T00:00:00.000Z,user,92271,35120
2006--0-1-T00:00:00.000Z,group-bot,,
2006--0-1-T00:00:00.000Z,name-bot,88701,825
2006--0-2-T00:00:00.000Z,anonymous,32891,2698
2006--0-2-T00:00:00.000Z,user,88429,33164
2006--0-2-T00:00:00.000Z,group-bot,110,1
2006--0-2-T00:00:00.000Z,name-bot,19657,558
2006--0-3-T00:00:00.000Z,anonymous,37441,2794
2006--0-3-T00:00:00.000Z,user,101884,38924
2006--0-3-T00:00:00.000Z,group-bot,112,1
2006--0-3-T00:00:00.000Z,name-bot,67475,953
2006--0-4-T00:00:00.000Z,anonymous,35469,2369
2006--0-4-T00:00:00.000Z,user,92646,31343
2006--0-4-T00:00:00.000Z,group-bot,11,25
2006--0-4-T00:00:00.000Z,name-bot,79014,1400
2006--0-5-T00:00:00.000Z,anonymous,39378,2755
2006--0-5-T00:00:00.000Z,user,102873,36681
2006--0-5-T00:00:00.000Z,group-bot,,44
2006--0-5-T00:00:00.000Z,name-bot,31428,496
2006--0-6-T00:00:00.000Z,anonymous,37605,2739
2006--0-6-T00:00:00.000Z,user,111821,39928
2006--0-6-T00:00:00.000Z,group-bot,586,30
2006--0-6-T00:00:00.000Z,name-bot,63032,1740
2006--0-7-T00:00:00.000Z,anonymous,36601,2737
2006--0-7-T00:00:00.000Z,user,118204,42739
2006--0-7-T00:00:00.000Z,group-bot,347,6
2006--0-7-T00:00:00.000Z,name-bot,50256,1732
2006--0-8-T00:00:00.000Z,anonymous,41893,3032
2006--0-8-T00:00:00.000Z,user,143782,48492
2006--0-8-T00:00:00.000Z,group-bot,1,
2006--0-8-T00:00:00.000Z,name-bot,168111,3627
2006--0-9-T00:00:00.000Z,anonymous,45264,3003
2006--0-9-T00:00:00.000Z,user,127681,47177
2006--0-9-T00:00:00.000Z,group-bot,22,504
2006--0-9-T00:00:00.000Z,name-bot,59798,5865
2006--1-0-T00:00:00.000Z,anonymous,47707,3056
2006--1-0-T00:00:00.000Z,user,122089,38901
2006--1-0-T00:00:00.000Z,group-bot,76,1488
2006--1-0-T00:00:00.000Z,name-bot,38748,5987
2006--1-1-T00:00:00.000Z,anonymous,55653,3469
2006--1-1-T00:00:00.000Z,user,132186,44885
2006--1-1-T00:00:00.000Z,group-bot,51390,12129
2006--1-1-T00:00:00.000Z,name-bot,36852,5529
2006--1-2-T00:00:00.000Z,anonymous,55631,3278
2006--1-2-T00:00:00.000Z,user,144342,44556
2006--1-2-T00:00:00.000Z,group-bot,5029,543
2006--1-2-T00:00:00.000Z,name-bot,58613,7753
2007--0-1-T00:00:00.000Z,anonymous,64637,4158
2007--0-1-T00:00:00.000Z,user,154624,51977
2007--0-1-T00:00:00.000Z,group-bot,37417,556
2007--0-1-T00:00:00.000Z,name-bot,94594,4715
2007--0-2-T00:00:00.000Z,anonymous,63232,4100
2007--0-2-T00:00:00.000Z,user,154203,56423
2007--0-2-T00:00:00.000Z,group-bot,349,58
2007--0-2-T00:00:00.000Z,name-bot,64425,7542
2007--0-3-T00:00:00.000Z,anonymous,67703,4104
2007--0-3-T00:00:00.000Z,user,156288,56337
2007--0-3-T00:00:00.000Z,group-bot,2334,1345
2007--0-3-T00:00:00.000Z,name-bot,63659,9250
2007--0-4-T00:00:00.000Z,anonymous,62573,3772
2007--0-4-T00:00:00.000Z,user,159106,55466
2007--0-4-T00:00:00.000Z,group-bot,3432,306
2007--0-4-T00:00:00.000Z,name-bot,87775,10239
2007--0-5-T00:00:00.000Z,anonymous,66518,3873
2007--0-5-T00:00:00.000Z,user,181305,58159
2007--0-5-T00:00:00.000Z,group-bot,3169,205
2007--0-5-T00:00:00.000Z,name-bot,60894,5666
2007--0-6-T00:00:00.000Z,anonymous,59402,3859
2007--0-6-T00:00:00.000Z,user,185471,62931
2007--0-6-T00:00:00.000Z,group-bot,801,483
2007--0-6-T00:00:00.000Z,name-bot,43150,2676
2007--0-7-T00:00:00.000Z,anonymous,64844,3673
2007--0-7-T00:00:00.000Z,user,174944,55763
2007--0-7-T00:00:00.000Z,group-bot,9272,819
2007--0-7-T00:00:00.000Z,name-bot,42320,2011
2007--0-8-T00:00:00.000Z,anonymous,58855,3326
2007--0-8-T00:00:00.000Z,user,171031,55943
2007--0-8-T00:00:00.000Z,group-bot,2631,11485
2007--0-8-T00:00:00.000Z,name-bot,45966,7535
2007--0-9-T00:00:00.000Z,anonymous,61142,3200
2007--0-9-T00:00:00.000Z,user,158963,53099
2007--0-9-T00:00:00.000Z,group-bot,4431,1194
2007--0-9-T00:00:00.000Z,name-bot,63913,5962
2007--1-0-T00:00:00.000Z,anonymous,61704,3600
2007--1-0-T00:00:00.000Z,user,148344,44726
2007--1-0-T00:00:00.000Z,group-bot,3555,498
2007--1-0-T00:00:00.000Z,name-bot,70183,4113
2007--1-1-T00:00:00.000Z,anonymous,62693,3130
2007--1-1-T00:00:00.000Z,user,146706,44558
2007--1-1-T00:00:00.000Z,group-bot,5275,250
2007--1-1-T00:00:00.000Z,name-bot,47365,7031
2007--1-2-T00:00:00.000Z,anonymous,57179,3191
2007--1-2-T00:00:00.000Z,user,143199,46117
2007--1-2-T00:00:00.000Z,group-bot,16944,3384
2007--1-2-T00:00:00.000Z,name-bot,50483,7976
2008--0-1-T00:00:00.000Z,anonymous,51910,3621
2008--0-1-T00:00:00.000Z,user,153171,48954
2008--0-1-T00:00:00.000Z,group-bot,15421,202
2008--0-1-T00:00:00.000Z,name-bot,45204,2885
2008--0-2-T00:00:00.000Z,anonymous,51196,3669
2008--0-2-T00:00:00.000Z,user,147471,50377
2008--0-2-T00:00:00.000Z,group-bot,14725,93
2008--0-2-T00:00:00.000Z,name-bot,49970,19606
2008--0-3-T00:00:00.000Z,anonymous,54789,3931
2008--0-3-T00:00:00.000Z,user,162883,55131
2008--0-3-T00:00:00.000Z,group-bot,14575,154
2008--0-3-T00:00:00.000Z,name-bot,71739,8697
2008--0-4-T00:00:00.000Z,anonymous,51419,4107
2008--0-4-T00:00:00.000Z,user,146893,46877
2008--0-4-T00:00:00.000Z,group-bot,14190,163
2008--0-4-T00:00:00.000Z,name-bot,69018,9143
2008--0-5-T00:00:00.000Z,anonymous,54149,4514
2008--0-5-T00:00:00.000Z,user,158320,50548
2008--0-5-T00:00:00.000Z,group-bot,17997,268
2008--0-5-T00:00:00.000Z,name-bot,81449,7724
2008--0-6-T00:00:00.000Z,anonymous,50072,4174
2008--0-6-T00:00:00.000Z,user,152207,47131
2008--0-6-T00:00:00.000Z,group-bot,11541,122
2008--0-6-T00:00:00.000Z,name-bot,75621,10022
2008--0-7-T00:00:00.000Z,anonymous,47838,3453
2008--0-7-T00:00:00.000Z,user,149361,48656
2008--0-7-T00:00:00.000Z,group-bot,11196,102
2008--0-7-T00:00:00.000Z,name-bot,56728,15499
2008--0-8-T00:00:00.000Z,anonymous,45983,3033
2008--0-8-T00:00:00.000Z,user,154101,49589
2008--0-8-T00:00:00.000Z,group-bot,7676,448
2008--0-8-T00:00:00.000Z,name-bot,74664,8071
2008--0-9-T00:00:00.000Z,anonymous,42499,3665
2008--0-9-T00:00:00.000Z,user,159281,46039
2008--0-9-T00:00:00.000Z,group-bot,8242,90
2008--0-9-T00:00:00.000Z,name-bot,60749,8858
2008--1-0-T00:00:00.000Z,anonymous,46088,3506
2008--1-0-T00:00:00.000Z,user,161640,46355
2008--1-0-T00:00:00.000Z,group-bot,7408,102
2008--1-0-T00:00:00.000Z,name-bot,67823,15697
2008--1-1-T00:00:00.000Z,anonymous,43438,3534
2008--1-1-T00:00:00.000Z,user,153344,47805
2008--1-1-T00:00:00.000Z,group-bot,8715,266
2008--1-1-T00:00:00.000Z,name-bot,48976,11258
2008--1-2-T00:00:00.000Z,anonymous,41158,3442
2008--1-2-T00:00:00.000Z,user,146324,52810
2008--1-2-T00:00:00.000Z,group-bot,15247,1714
2008--1-2-T00:00:00.000Z,name-bot,49107,6785
2009--0-1-T00:00:00.000Z,anonymous,45327,3928
2009--0-1-T00:00:00.000Z,user,175586,59721
2009--0-1-T00:00:00.000Z,group-bot,14552,2918
2009--0-1-T00:00:00.000Z,name-bot,65633,5306
2009--0-2-T00:00:00.000Z,anonymous,37947,3215
2009--0-2-T00:00:00.000Z,user,164506,55482
2009--0-2-T00:00:00.000Z,group-bot,19423,2585
2009--0-2-T00:00:00.000Z,name-bot,46711,7410
2009--0-3-T00:00:00.000Z,anonymous,40982,3080
2009--0-3-T00:00:00.000Z,user,169598,48794
2009--0-3-T00:00:00.000Z,group-bot,25315,3553
2009--0-3-T00:00:00.000Z,name-bot,48752,7932
2009--0-4-T00:00:00.000Z,anonymous,36195,2992
2009--0-4-T00:00:00.000Z,user,152316,50708
2009--0-4-T00:00:00.000Z,group-bot,10198,966
2009--0-4-T00:00:00.000Z,name-bot,55234,8713
2009--0-5-T00:00:00.000Z,anonymous,38068,3379
2009--0-5-T00:00:00.000Z,user,154433,47690
2009--0-5-T00:00:00.000Z,group-bot,7515,1457
2009--0-5-T00:00:00.000Z,name-bot,78342,11546
2009--0-6-T00:00:00.000Z,anonymous,35729,2970
2009--0-6-T00:00:00.000Z,user,150244,47285
2009--0-6-T00:00:00.000Z,group-bot,11857,808
2009--0-6-T00:00:00.000Z,name-bot,62036,8835
2009--0-7-T00:00:00.000Z,anonymous,33169,2531
2009--0-7-T00:00:00.000Z,user,158362,51011
2009--0-7-T00:00:00.000Z,group-bot,13692,519
2009--0-7-T00:00:00.000Z,name-bot,72808,6301
2009--0-8-T00:00:00.000Z,anonymous,34592,2787
2009--0-8-T00:00:00.000Z,user,159788,47656
2009--0-8-T00:00:00.000Z,group-bot,10332,833
2009--0-8-T00:00:00.000Z,name-bot,55600,8459
2009--0-9-T00:00:00.000Z,anonymous,33666,2850
2009--0-9-T00:00:00.000Z,user,152858,40866
2009--0-9-T00:00:00.000Z,group-bot,10871,2050
2009--0-9-T00:00:00.000Z,name-bot,57548,8282
2009--1-0-T00:00:00.000Z,anonymous,34505,3048
2009--1-0-T00:00:00.000Z,user,154606,46684
2009--1-0-T00:00:00.000Z,group-bot,18164,1731
2009--1-0-T00:00:00.000Z,name-bot,80394,9159
2009--1-1-T00:00:00.000Z,anonymous,34846,3424
2009--1-1-T00:00:00.000Z,user,162225,45238
2009--1-1-T00:00:00.000Z,group-bot,18753,1643
2009--1-1-T00:00:00.000Z,name-bot,61392,7964
2009--1-2-T00:00:00.000Z,anonymous,34822,3235
2009--1-2-T00:00:00.000Z,user,156032,44369
2009--1-2-T00:00:00.000Z,group-bot,43959,2085
2009--1-2-T00:00:00.000Z,name-bot,50054,15867
2010--0-1-T00:00:00.000Z,anonymous,42874,3781
2010--0-1-T00:00:00.000Z,user,162710,49622
2010--0-1-T00:00:00.000Z,group-bot,26332,1085
2010--0-1-T00:00:00.000Z,name-bot,63683,15697
2010--0-2-T00:00:00.000Z,anonymous,37347,3220
2010--0-2-T00:00:00.000Z,user,152061,46134
2010--0-2-T00:00:00.000Z,group-bot,11396,1149
2010--0-2-T00:00:00.000Z,name-bot,72848,12874
2010--0-3-T00:00:00.000Z,anonymous,40274,3259
2010--0-3-T00:00:00.000Z,user,149571,45911
2010--0-3-T00:00:00.000Z,group-bot,58720,5280
2010--0-3-T00:00:00.000Z,name-bot,74681,14293
2010--0-4-T00:00:00.000Z,anonymous,38145,3642
2010--0-4-T00:00:00.000Z,user,150722,46565
2010--0-4-T00:00:00.000Z,group-bot,39639,13331
2010--0-4-T00:00:00.000Z,name-bot,95806,10391
2010--0-5-T00:00:00.000Z,anonymous,41503,3518
2010--0-5-T00:00:00.000Z,user,153433,45786
2010--0-5-T00:00:00.000Z,group-bot,23712,7817
2010--0-5-T00:00:00.000Z,name-bot,148792,8384
2010--0-6-T00:00:00.000Z,anonymous,33791,2820
2010--0-6-T00:00:00.000Z,user,140191,45522
2010--0-6-T00:00:00.000Z,group-bot,24026,4733
2010--0-6-T00:00:00.000Z,name-bot,80813,6162
2010--0-7-T00:00:00.000Z,anonymous,31817,2663
2010--0-7-T00:00:00.000Z,user,139570,42179
2010--0-7-T00:00:00.000Z,group-bot,21580,7698
2010--0-7-T00:00:00.000Z,name-bot,103814,5437
2010--0-8-T00:00:00.000Z,anonymous,32029,2971
2010--0-8-T00:00:00.000Z,user,139779,43641
2010--0-8-T00:00:00.000Z,group-bot,23673,2308
2010--0-8-T00:00:00.000Z,name-bot,65704,8563
2010--0-9-T00:00:00.000Z,anonymous,29831,3094
2010--0-9-T00:00:00.000Z,user,135894,45670
2010--0-9-T00:00:00.000Z,group-bot,77837,4681
2010--0-9-T00:00:00.000Z,name-bot,68004,8036
2010--1-0-T00:00:00.000Z,anonymous,29456,3245
2010--1-0-T00:00:00.000Z,user,126369,43500
2010--1-0-T00:00:00.000Z,group-bot,29489,5203
2010--1-0-T00:00:00.000Z,name-bot,61823,10541
2010--1-1-T00:00:00.000Z,anonymous,30444,2962
2010--1-1-T00:00:00.000Z,user,133046,43724
2010--1-1-T00:00:00.000Z,group-bot,23505,9414
2010--1-1-T00:00:00.000Z,name-bot,66227,11793
2010--1-2-T00:00:00.000Z,anonymous,30922,2880
2010--1-2-T00:00:00.000Z,user,139435,41028
2010--1-2-T00:00:00.000Z,group-bot,65836,3317
2010--1-2-T00:00:00.000Z,name-bot,303691,9345
2011--0-1-T00:00:00.000Z,anonymous,36099,3531
2011--0-1-T00:00:00.000Z,user,153212,49172
2011--0-1-T00:00:00.000Z,group-bot,54618,2621
2011--0-1-T00:00:00.000Z,name-bot,98718,10712
2011--0-2-T00:00:00.000Z,anonymous,34049,2929
2011--0-2-T00:00:00.000Z,user,138414,45451
2011--0-2-T00:00:00.000Z,group-bot,20019,6480
2011--0-2-T00:00:00.000Z,name-bot,52958,8209
2011--0-3-T00:00:00.000Z,anonymous,33166,3030
2011--0-3-T00:00:00.000Z,user,127806,46840
2011--0-3-T00:00:00.000Z,group-bot,45545,3175
2011--0-3-T00:00:00.000Z,name-bot,70748,8417
2011--0-4-T00:00:00.000Z,anonymous,30537,2834
2011--0-4-T00:00:00.000Z,user,125161,45288
2011--0-4-T00:00:00.000Z,group-bot,36235,6677
2011--0-4-T00:00:00.000Z,name-bot,89938,7021
2011--0-5-T00:00:00.000Z,anonymous,29923,2524
2011--0-5-T00:00:00.000Z,user,131099,43813
2011--0-5-T00:00:00.000Z,group-bot,43447,3294
2011--0-5-T00:00:00.000Z,name-bot,94191,7224
2011--0-6-T00:00:00.000Z,anonymous,28397,2244
2011--0-6-T00:00:00.000Z,user,135677,44365
2011--0-6-T00:00:00.000Z,group-bot,42893,5417
2011--0-6-T00:00:00.000Z,name-bot,62561,6927
2011--0-7-T00:00:00.000Z,anonymous,27975,2213
2011--0-7-T00:00:00.000Z,user,141499,47233
2011--0-7-T00:00:00.000Z,group-bot,91549,5905
2011--0-7-T00:00:00.000Z,name-bot,70742,19258
2011--0-8-T00:00:00.000Z,anonymous,27351,2226
2011--0-8-T00:00:00.000Z,user,139918,45675
2011--0-8-T00:00:00.000Z,group-bot,23689,19625
2011--0-8-T00:00:00.000Z,name-bot,76741,15800
2011--0-9-T00:00:00.000Z,anonymous,23887,2187
2011--0-9-T00:00:00.000Z,user,131573,49985
2011--0-9-T00:00:00.000Z,group-bot,34393,4044
2011--0-9-T00:00:00.000Z,name-bot,55927,10204
2011--1-0-T00:00:00.000Z,anonymous,25672,2174
2011--1-0-T00:00:00.000Z,user,131121,46813
2011--1-0-T00:00:00.000Z,group-bot,25286,20012
2011--1-0-T00:00:00.000Z,name-bot,54562,12566
2011--1-1-T00:00:00.000Z,anonymous,27019,2211
2011--1-1-T00:00:00.000Z,user,129756,46518
2011--1-1-T00:00:00.000Z,group-bot,22094,4562
2011--1-1-T00:00:00.000Z,name-bot,61663,9734
2011--1-2-T00:00:00.000Z,anonymous,25908,2148
2011--1-2-T00:00:00.000Z,user,154317,44936
2011--1-2-T00:00:00.000Z,group-bot,24027,17616
2011--1-2-T00:00:00.000Z,name-bot,72479,15355
2012--0-1-T00:00:00.000Z,anonymous,30328,2757
2012--0-1-T00:00:00.000Z,user,143136,51126
2012--0-1-T00:00:00.000Z,group-bot,31289,4517
2012--0-1-T00:00:00.000Z,name-bot,99078,40154
2012--0-2-T00:00:00.000Z,anonymous,28269,2266
2012--0-2-T00:00:00.000Z,user,133726,47584
2012--0-2-T00:00:00.000Z,group-bot,20293,9176
2012--0-2-T00:00:00.000Z,name-bot,68341,11906
2012--0-3-T00:00:00.000Z,anonymous,29806,2538
2012--0-3-T00:00:00.000Z,user,138442,47949
2012--0-3-T00:00:00.000Z,group-bot,69139,5901
2012--0-3-T00:00:00.000Z,name-bot,73355,11923
2012--0-4-T00:00:00.000Z,anonymous,26207,2419
2012--0-4-T00:00:00.000Z,user,126376,46095
2012--0-4-T00:00:00.000Z,group-bot,51507,4625
2012--0-4-T00:00:00.000Z,name-bot,196999,10744
2012--0-5-T00:00:00.000Z,anonymous,28936,3236
2012--0-5-T00:00:00.000Z,user,125656,47957
2012--0-5-T00:00:00.000Z,group-bot,35804,40615
2012--0-5-T00:00:00.000Z,name-bot,196440,17736
2012--0-6-T00:00:00.000Z,anonymous,26855,2534
2012--0-6-T00:00:00.000Z,user,127026,44133
2012--0-6-T00:00:00.000Z,group-bot,31764,14080
2012--0-6-T00:00:00.000Z,name-bot,66484,12375
2012--0-7-T00:00:00.000Z,anonymous,23983,2860
2012--0-7-T00:00:00.000Z,user,138150,44812
2012--0-7-T00:00:00.000Z,group-bot,45913,8974
2012--0-7-T00:00:00.000Z,name-bot,83306,13895
2012--0-8-T00:00:00.000Z,anonymous,25169,2394
2012--0-8-T00:00:00.000Z,user,146986,53112
2012--0-8-T00:00:00.000Z,group-bot,38626,6054
2012--0-8-T00:00:00.000Z,name-bot,89448,10862
2012--0-9-T00:00:00.000Z,anonymous,23538,2366
2012--0-9-T00:00:00.000Z,user,116773,41965
2012--0-9-T00:00:00.000Z,group-bot,51327,21558
2012--0-9-T00:00:00.000Z,name-bot,63080,7774
2012--1-0-T00:00:00.000Z,anonymous,23226,2652
2012--1-0-T00:00:00.000Z,user,118797,38742
2012--1-0-T00:00:00.000Z,group-bot,36487,6479
2012--1-0-T00:00:00.000Z,name-bot,89292,12155
2012--1-1-T00:00:00.000Z,anonymous,24530,2512
2012--1-1-T00:00:00.000Z,user,124536,39149
2012--1-1-T00:00:00.000Z,group-bot,39251,6097
2012--1-1-T00:00:00.000Z,name-bot,52605,8856
2012--1-2-T00:00:00.000Z,anonymous,24238,2362
2012--1-2-T00:00:00.000Z,user,128766,47183
2012--1-2-T00:00:00.000Z,group-bot,46858,6470
2012--1-2-T00:00:00.000Z,name-bot,92945,8761
2013--0-1-T00:00:00.000Z,anonymous,30149,2253
2013--0-1-T00:00:00.000Z,user,143741,48584
2013--0-1-T00:00:00.000Z,group-bot,62560,18015
2013--0-1-T00:00:00.000Z,name-bot,160322,17639
2013--0-2-T00:00:00.000Z,anonymous,25287,2201
2013--0-2-T00:00:00.000Z,user,129594,42150
2013--0-2-T00:00:00.000Z,group-bot,80036,16944
2013--0-2-T00:00:00.000Z,name-bot,80279,14830
2013--0-3-T00:00:00.000Z,anonymous,24849,2207
2013--0-3-T00:00:00.000Z,user,129413,42092
2013--0-3-T00:00:00.000Z,group-bot,8794,5520
2013--0-3-T00:00:00.000Z,name-bot,677859,60847
2013--0-4-T00:00:00.000Z,anonymous,23829,1954
2013--0-4-T00:00:00.000Z,user,119620,39444
2013--0-4-T00:00:00.000Z,group-bot,37491,8076
2013--0-4-T00:00:00.000Z,name-bot,112104,11366
2013--0-5-T00:00:00.000Z,anonymous,26087,2239
2013--0-5-T00:00:00.000Z,user,132285,36735
2013--0-5-T00:00:00.000Z,group-bot,16098,3029
2013--0-5-T00:00:00.000Z,name-bot,25557,2937
2013--0-6-T00:00:00.000Z,anonymous,23490,1876
2013--0-6-T00:00:00.000Z,user,118315,36611
2013--0-6-T00:00:00.000Z,group-bot,146526,4893
2013--0-6-T00:00:00.000Z,name-bot,14564,9745
2013--0-7-T00:00:00.000Z,anonymous,22731,2003
2013--0-7-T00:00:00.000Z,user,107096,39140
2013--0-7-T00:00:00.000Z,group-bot,16084,4092
2013--0-7-T00:00:00.000Z,name-bot,7696,3650
2013--0-8-T00:00:00.000Z,anonymous,20897,2234
2013--0-8-T00:00:00.000Z,user,110166,39577
2013--0-8-T00:00:00.000Z,group-bot,13763,2193
2013--0-8-T00:00:00.000Z,name-bot,11396,6273
2013--0-9-T00:00:00.000Z,anonymous,20380,2168
2013--0-9-T00:00:00.000Z,user,108590,39728
2013--0-9-T00:00:00.000Z,group-bot,2273,1658
2013--0-9-T00:00:00.000Z,name-bot,3497,7394
2013--1-0-T00:00:00.000Z,anonymous,21969,2267
2013--1-0-T00:00:00.000Z,user,105285,31470
2013--1-0-T00:00:00.000Z,group-bot,5122,2787
2013--1-0-T00:00:00.000Z,name-bot,1521,3644
2013--1-1-T00:00:00.000Z,anonymous,23970,2452
2013--1-1-T00:00:00.000Z,user,108063,40808
2013--1-1-T00:00:00.000Z,group-bot,15572,3177
2013--1-1-T00:00:00.000Z,name-bot,19047,2086
2013--1-2-T00:00:00.000Z,anonymous,23282,2544
2013--1-2-T00:00:00.000Z,user,112182,39681
2013--1-2-T00:00:00.000Z,group-bot,9751,2288
2013--1-2-T00:00:00.000Z,name-bot,48315,4106
2014--0-1-T00:00:00.000Z,anonymous,28719,3056
2014--0-1-T00:00:00.000Z,user,134175,47060
2014--0-1-T00:00:00.000Z,group-bot,49902,3928
2014--0-1-T00:00:00.000Z,name-bot,3658,5588
2014--0-2-T00:00:00.000Z,anonymous,23337,2360
2014--0-2-T00:00:00.000Z,user,116537,38832
2014--0-2-T00:00:00.000Z,group-bot,24398,2572
2014--0-2-T00:00:00.000Z,name-bot,2249,2663
2014--0-3-T00:00:00.000Z,anonymous,24952,2398
2014--0-3-T00:00:00.000Z,user,114240,38973
2014--0-3-T00:00:00.000Z,group-bot,56736,5331
2014--0-3-T00:00:00.000Z,name-bot,92330,7047
2014--0-4-T00:00:00.000Z,anonymous,23660,2089
2014--0-4-T00:00:00.000Z,user,105015,38693
2014--0-4-T00:00:00.000Z,group-bot,6554,3168
2014--0-4-T00:00:00.000Z,name-bot,1550,3440
2014--0-5-T00:00:00.000Z,anonymous,24130,2245
2014--0-5-T00:00:00.000Z,user,108059,33949
2014--0-5-T00:00:00.000Z,group-bot,6973,2458
2014--0-5-T00:00:00.000Z,name-bot,2198,3180
2014--0-6-T00:00:00.000Z,anonymous,23856,2232
2014--0-6-T00:00:00.000Z,user,102745,31617
2014--0-6-T00:00:00.000Z,group-bot,39249,3702
2014--0-6-T00:00:00.000Z,name-bot,7989,4249
2014--0-7-T00:00:00.000Z,anonymous,19330,2019
2014--0-7-T00:00:00.000Z,user,110236,33580
2014--0-7-T00:00:00.000Z,group-bot,3325,4642
2014--0-7-T00:00:00.000Z,name-bot,10579,1081
2014--0-8-T00:00:00.000Z,anonymous,19269,1940
2014--0-8-T00:00:00.000Z,user,112682,35690
2014--0-8-T00:00:00.000Z,group-bot,76778,20957
2014--0-8-T00:00:00.000Z,name-bot,7111,3070
2014--0-9-T00:00:00.000Z,anonymous,18120,1806
2014--0-9-T00:00:00.000Z,user,105029,34197
2014--0-9-T00:00:00.000Z,group-bot,22778,20242
2014--0-9-T00:00:00.000Z,name-bot,21070,634
2014--1-0-T00:00:00.000Z,anonymous,19602,1947
2014--1-0-T00:00:00.000Z,user,119326,34258
2014--1-0-T00:00:00.000Z,group-bot,58488,21781
2014--1-0-T00:00:00.000Z,name-bot,7994,696
2014--1-1-T00:00:00.000Z,anonymous,19628,1928
2014--1-1-T00:00:00.000Z,user,114148,32990
2014--1-1-T00:00:00.000Z,group-bot,27161,2900
2014--1-1-T00:00:00.000Z,name-bot,22521,2671
2014--1-2-T00:00:00.000Z,anonymous,20835,1816
2014--1-2-T00:00:00.000Z,user,123945,37302
2014--1-2-T00:00:00.000Z,group-bot,88062,8838
2014--1-2-T00:00:00.000Z,name-bot,3895,809
2015--0-1-T00:00:00.000Z,anonymous,24454,2399
2015--0-1-T00:00:00.000Z,user,137078,50359
2015--0-1-T00:00:00.000Z,group-bot,15688,16372
2015--0-1-T00:00:00.000Z,name-bot,8371,1026
2015--0-2-T00:00:00.000Z,anonymous,19885,2211
2015--0-2-T00:00:00.000Z,user,123671,37602
2015--0-2-T00:00:00.000Z,group-bot,53837,16660
2015--0-2-T00:00:00.000Z,name-bot,2561,685
2015--0-3-T00:00:00.000Z,anonymous,21588,2251
2015--0-3-T00:00:00.000Z,user,133993,36791
2015--0-3-T00:00:00.000Z,group-bot,29651,62915
2015--0-3-T00:00:00.000Z,name-bot,6148,555
2015--0-4-T00:00:00.000Z,anonymous,19765,1866
2015--0-4-T00:00:00.000Z,user,108363,32631
2015--0-4-T00:00:00.000Z,group-bot,6695,117111
2015--0-4-T00:00:00.000Z,name-bot,2117,1389
2015--0-5-T00:00:00.000Z,anonymous,18798,1892
2015--0-5-T00:00:00.000Z,user,108493,32202
2015--0-5-T00:00:00.000Z,group-bot,10827,9549
2015--0-5-T00:00:00.000Z,name-bot,8212,945
2015--0-6-T00:00:00.000Z,anonymous,18192,1901
2015--0-6-T00:00:00.000Z,user,128234,31798
2015--0-6-T00:00:00.000Z,group-bot,33105,25502
2015--0-6-T00:00:00.000Z,name-bot,2366,791
2015--0-7-T00:00:00.000Z,anonymous,16597,2031
2015--0-7-T00:00:00.000Z,user,118201,37326
2015--0-7-T00:00:00.000Z,group-bot,22690,10151
2015--0-7-T00:00:00.000Z,name-bot,15050,1472
2015--0-8-T00:00:00.000Z,anonymous,16219,1982
2015--0-8-T00:00:00.000Z,user,124158,34130
2015--0-8-T00:00:00.000Z,group-bot,14188,5305
2015--0-8-T00:00:00.000Z,name-bot,958,638
2015--0-9-T00:00:00.000Z,anonymous,17811,2037
2015--0-9-T00:00:00.000Z,user,111562,32135
2015--0-9-T00:00:00.000Z,group-bot,12037,3491
2015--0-9-T00:00:00.000Z,name-bot,13036,451
2015--1-0-T00:00:00.000Z,anonymous,19192,1994
2015--1-0-T00:00:00.000Z,user,123706,35264
2015--1-0-T00:00:00.000Z,group-bot,25315,17386
2015--1-0-T00:00:00.000Z,name-bot,4834,718
2015--1-1-T00:00:00.000Z,anonymous,20347,1927
2015--1-1-T00:00:00.000Z,user,121219,33854
2015--1-1-T00:00:00.000Z,group-bot,34692,7412
2015--1-1-T00:00:00.000Z,name-bot,4536,750
2015--1-2-T00:00:00.000Z,anonymous,18356,2063
2015--1-2-T00:00:00.000Z,user,119554,36125
2015--1-2-T00:00:00.000Z,group-bot,37172,14673
2015--1-2-T00:00:00.000Z,name-bot,18966,1127
2016--0-1-T00:00:00.000Z,anonymous,22442,2373
2016--0-1-T00:00:00.000Z,user,137605,40857
2016--0-1-T00:00:00.000Z,group-bot,78176,21782
2016--0-1-T00:00:00.000Z,name-bot,25111,1429
2016--0-2-T00:00:00.000Z,anonymous,20251,2223
2016--0-2-T00:00:00.000Z,user,129805,34651
2016--0-2-T00:00:00.000Z,group-bot,72960,20044
2016--0-2-T00:00:00.000Z,name-bot,27914,402
2016--0-3-T00:00:00.000Z,anonymous,20119,2431
2016--0-3-T00:00:00.000Z,user,130160,37581
2016--0-3-T00:00:00.000Z,group-bot,17696,12441
2016--0-3-T00:00:00.000Z,name-bot,11078,431
2016--0-4-T00:00:00.000Z,anonymous,19206,1745
2016--0-4-T00:00:00.000Z,user,119930,33005
2016--0-4-T00:00:00.000Z,group-bot,34109,5901
2016--0-4-T00:00:00.000Z,name-bot,130,335
2016--0-5-T00:00:00.000Z,anonymous,19467,1851
2016--0-5-T00:00:00.000Z,user,126938,36546
2016--0-5-T00:00:00.000Z,group-bot,52516,13512
2016--0-5-T00:00:00.000Z,name-bot,555,243
2016--0-6-T00:00:00.000Z,anonymous,18238,1903
2016--0-6-T00:00:00.000Z,user,110907,32156
2016--0-6-T00:00:00.000Z,group-bot,101890,16251
2016--0-6-T00:00:00.000Z,name-bot,323,457
2016--0-7-T00:00:00.000Z,anonymous,17407,2053
2016--0-7-T00:00:00.000Z,user,121081,37501
2016--0-7-T00:00:00.000Z,group-bot,14144,16557
2016--0-7-T00:00:00.000Z,name-bot,1014,288
2016--0-8-T00:00:00.000Z,anonymous,17734,1829
2016--0-8-T00:00:00.000Z,user,116276,37972
2016--0-8-T00:00:00.000Z,group-bot,23352,12205
2016--0-8-T00:00:00.000Z,name-bot,588,600
2016--0-9-T00:00:00.000Z,anonymous,16933,1652
2016--0-9-T00:00:00.000Z,user,116636,37189
2016--0-9-T00:00:00.000Z,group-bot,55287,26693
2016--0-9-T00:00:00.000Z,name-bot,171,267
2016--1-0-T00:00:00.000Z,anonymous,18440,2027
2016--1-0-T00:00:00.000Z,user,127450,35260
2016--1-0-T00:00:00.000Z,group-bot,160027,19840
2016--1-0-T00:00:00.000Z,name-bot,2577,470
2016--1-1-T00:00:00.000Z,anonymous,19227,1871
2016--1-1-T00:00:00.000Z,user,125349,37127
2016--1-1-T00:00:00.000Z,group-bot,93864,13274
2016--1-1-T00:00:00.000Z,name-bot,9036,552
2016--1-2-T00:00:00.000Z,anonymous,18405,2404
2016--1-2-T00:00:00.000Z,user,144456,42198
2016--1-2-T00:00:00.000Z,group-bot,89157,28260
2016--1-2-T00:00:00.000Z,name-bot,1005,1735
2017--0-1-T00:00:00.000Z,anonymous,22050,1976
2017--0-1-T00:00:00.000Z,user,154406,43119
2017--0-1-T00:00:00.000Z,group-bot,48749,26652
2017--0-1-T00:00:00.000Z,name-bot,6631,322
2017--0-2-T00:00:00.000Z,anonymous,21700,1871
2017--0-2-T00:00:00.000Z,user,127214,40594
2017--0-2-T00:00:00.000Z,group-bot,38954,26955
2017--0-2-T00:00:00.000Z,name-bot,2288,44
2017--0-3-T00:00:00.000Z,anonymous,22532,2064
2017--0-3-T00:00:00.000Z,user,129054,43256
2017--0-3-T00:00:00.000Z,group-bot,17395,20326
2017--0-3-T00:00:00.000Z,name-bot,726,862
2017--0-4-T00:00:00.000Z,anonymous,19937,1567
2017--0-4-T00:00:00.000Z,user,121363,39655
2017--0-4-T00:00:00.000Z,group-bot,28499,13625
2017--0-4-T00:00:00.000Z,name-bot,11816,139
2017--0-5-T00:00:00.000Z,anonymous,20225,1989
2017--0-5-T00:00:00.000Z,user,126908,38292
2017--0-5-T00:00:00.000Z,group-bot,14353,17337
2017--0-5-T00:00:00.000Z,name-bot,31268,107
2017--0-6-T00:00:00.000Z,anonymous,18507,1706
2017--0-6-T00:00:00.000Z,user,118502,33662
2017--0-6-T00:00:00.000Z,group-bot,46888,22304
2017--0-6-T00:00:00.000Z,name-bot,815,30
2017--0-7-T00:00:00.000Z,anonymous,17669,1760
2017--0-7-T00:00:00.000Z,user,115109,32220
2017--0-7-T00:00:00.000Z,group-bot,52463,23815
2017--0-7-T00:00:00.000Z,name-bot,3697,1329
2017--0-8-T00:00:00.000Z,anonymous,17241,2341
2017--0-8-T00:00:00.000Z,user,118014,32103
2017--0-8-T00:00:00.000Z,group-bot,18562,10667
2017--0-8-T00:00:00.000Z,name-bot,638,166
2017--0-9-T00:00:00.000Z,anonymous,17632,1985
2017--0-9-T00:00:00.000Z,user,115387,35448
2017--0-9-T00:00:00.000Z,group-bot,45646,17828
2017--0-9-T00:00:00.000Z,name-bot,166,133
2017--1-0-T00:00:00.000Z,anonymous,18546,1689
2017--1-0-T00:00:00.000Z,user,126776,38294
2017--1-0-T00:00:00.000Z,group-bot,28603,66550
2017--1-0-T00:00:00.000Z,name-bot,359,34
2017--1-1-T00:00:00.000Z,anonymous,18743,1624
2017--1-1-T00:00:00.000Z,user,137260,39112
2017--1-1-T00:00:00.000Z,group-bot,67228,18808
2017--1-1-T00:00:00.000Z,name-bot,15952,88
2017--1-2-T00:00:00.000Z,anonymous,18904,1878
2017--1-2-T00:00:00.000Z,user,135320,38690
2017--1-2-T00:00:00.000Z,group-bot,55627,21483
2017--1-2-T00:00:00.000Z,name-bot,21352,468
2018--0-1-T00:00:00.000Z,anonymous,22283,1941
2018--0-1-T00:00:00.000Z,user,138134,41476
2018--0-1-T00:00:00.000Z,group-bot,686390,31866
2018--0-1-T00:00:00.000Z,name-bot,761,32
2018--0-2-T00:00:00.000Z,anonymous,19291,1856
2018--0-2-T00:00:00.000Z,user,119335,31606
2018--0-2-T00:00:00.000Z,group-bot,32259,16453
2018--0-2-T00:00:00.000Z,name-bot,2833,66
2018--0-3-T00:00:00.000Z,anonymous,21587,2523
2018--0-3-T00:00:00.000Z,user,128008,37517
2018--0-3-T00:00:00.000Z,group-bot,174967,26781
2018--0-3-T00:00:00.000Z,name-bot,2226,30
2018--0-4-T00:00:00.000Z,anonymous,18057,2488
2018--0-4-T00:00:00.000Z,user,112752,31403
2018--0-4-T00:00:00.000Z,group-bot,39482,21906
2018--0-4-T00:00:00.000Z,name-bot,1311,53
2018--0-5-T00:00:00.000Z,anonymous,18276,2125
2018--0-5-T00:00:00.000Z,user,119929,33317
2018--0-5-T00:00:00.000Z,group-bot,29235,19583
2018--0-5-T00:00:00.000Z,name-bot,49,28
2018--0-6-T00:00:00.000Z,anonymous,16280,2307
2018--0-6-T00:00:00.000Z,user,110534,30415
2018--0-6-T00:00:00.000Z,group-bot,45474,16678
2018--0-6-T00:00:00.000Z,name-bot,4848,62
2018--0-7-T00:00:00.000Z,anonymous,14544,2259
2018--0-7-T00:00:00.000Z,user,113723,36987
2018--0-7-T00:00:00.000Z,group-bot,38216,18114
2018--0-7-T00:00:00.000Z,name-bot,2469,32
2018--0-8-T00:00:00.000Z,anonymous,15962,2836
2018--0-8-T00:00:00.000Z,user,119879,34875
2018--0-8-T00:00:00.000Z,group-bot,92599,21686
2018--0-8-T00:00:00.000Z,name-bot,1650,48
2018--0-9-T00:00:00.000Z,anonymous,16055,2740
2018--0-9-T00:00:00.000Z,user,107272,30148
2018--0-9-T00:00:00.000Z,group-bot,27175,13113
2018--0-9-T00:00:00.000Z,name-bot,2173,66
2018--1-0-T00:00:00.000Z,anonymous,19158,2207
2018--1-0-T00:00:00.000Z,user,107643,27306
2018--1-0-T00:00:00.000Z,group-bot,113845,15675
2018--1-0-T00:00:00.000Z,name-bot,173,136
2018--1-1-T00:00:00.000Z,anonymous,19877,2207
2018--1-1-T00:00:00.000Z,user,114645,30444
2018--1-1-T00:00:00.000Z,group-bot,61287,10772
2018--1-1-T00:00:00.000Z,name-bot,2676,150
2018--1-2-T00:00:00.000Z,anonymous,17635,2585
2018--1-2-T00:00:00.000Z,user,127270,36640
2018--1-2-T00:00:00.000Z,group-bot,48282,52081
2018--1-2-T00:00:00.000Z,name-bot,1710,540
2019--0-1-T00:00:00.000Z,anonymous,20736,2670
2019--0-1-T00:00:00.000Z,user,140244,38743
2019--0-1-T00:00:00.000Z,group-bot,47531,20605
2019--0-1-T00:00:00.000Z,name-bot,219,146
2019--0-2-T00:00:00.000Z,anonymous,18712,2347
2019--0-2-T00:00:00.000Z,user,121636,31971
2019--0-2-T00:00:00.000Z,group-bot,62951,19231
2019--0-2-T00:00:00.000Z,name-bot,970,179
2019--0-3-T00:00:00.000Z,anonymous,21455,2201
2019--0-3-T00:00:00.000Z,user,132119,33369
2019--0-3-T00:00:00.000Z,group-bot,69567,17400
2019--0-3-T00:00:00.000Z,name-bot,53,174
2019--0-4-T00:00:00.000Z,anonymous,19114,2110
2019--0-4-T00:00:00.000Z,user,123717,33191
2019--0-4-T00:00:00.000Z,group-bot,22461,16808
2019--0-4-T00:00:00.000Z,name-bot,2592,306
2019--0-5-T00:00:00.000Z,anonymous,20898,1839
2019--0-5-T00:00:00.000Z,user,117883,31031
2019--0-5-T00:00:00.000Z,group-bot,11165,19063
2019--0-5-T00:00:00.000Z,name-bot,517,96
2019--0-6-T00:00:00.000Z,anonymous,18494,1240
2019--0-6-T00:00:00.000Z,user,99172,27029
2019--0-6-T00:00:00.000Z,group-bot,10332,16203
2019--0-6-T00:00:00.000Z,name-bot,35,123
2019--0-7-T00:00:00.000Z,anonymous,18713,1393
2019--0-7-T00:00:00.000Z,user,103615,26967
2019--0-7-T00:00:00.000Z,group-bot,11632,13553
2019--0-7-T00:00:00.000Z,name-bot,159,118
2019--0-8-T00:00:00.000Z,anonymous,18823,1688
2019--0-8-T00:00:00.000Z,user,98142,26716
2019--0-8-T00:00:00.000Z,group-bot,34695,13359
2019--0-8-T00:00:00.000Z,name-bot,1027,142
2019--0-9-T00:00:00.000Z,anonymous,18499,1253
2019--0-9-T00:00:00.000Z,user,98966,29068
2019--0-9-T00:00:00.000Z,group-bot,82202,10828
2019--0-9-T00:00:00.000Z,name-bot,4,1882
2019--1-0-T00:00:00.000Z,anonymous,20555,1548
2019--1-0-T00:00:00.000Z,user,109797,29765
2019--1-0-T00:00:00.000Z,group-bot,39443,11348
2019--1-0-T00:00:00.000Z,name-bot,223,779
2019--1-1-T00:00:00.000Z,anonymous,20668,1487
2019--1-1-T00:00:00.000Z,user,111250,31973
2019--1-1-T00:00:00.000Z,group-bot,88036,10536
2019--1-1-T00:00:00.000Z,name-bot,4860,162
2019--1-2-T00:00:00.000Z,anonymous,19202,1379
2019--1-2-T00:00:00.000Z,user,115456,31054
2019--1-2-T00:00:00.000Z,group-bot,43119,10687
2019--1-2-T00:00:00.000Z,name-bot,1361,196
2020--0-1-T00:00:00.000Z,anonymous,23099,1591
2020--0-1-T00:00:00.000Z,user,130464,36952
2020--0-1-T00:00:00.000Z,group-bot,51334,12882
2020--0-1-T00:00:00.000Z,name-bot,18,229
2020--0-2-T00:00:00.000Z,anonymous,22007,1713
2020--0-2-T00:00:00.000Z,user,124002,34374
2020--0-2-T00:00:00.000Z,group-bot,41495,30029
2020--0-2-T00:00:00.000Z,name-bot,669,574
2020--0-3-T00:00:00.000Z,anonymous,25972,1600
2020--0-3-T00:00:00.000Z,user,144617,43765
2020--0-3-T00:00:00.000Z,group-bot,47349,42071
2020--0-3-T00:00:00.000Z,name-bot,2814,222
2020--0-4-T00:00:00.000Z,anonymous,26404,2018
2020--0-4-T00:00:00.000Z,user,142198,43327
2020--0-4-T00:00:00.000Z,group-bot,85776,30646
2020--0-4-T00:00:00.000Z,name-bot,332,304
2020--0-5-T00:00:00.000Z,anonymous,27501,1992
2020--0-5-T00:00:00.000Z,user,142040,43940
2020--0-5-T00:00:00.000Z,group-bot,46834,28000
2020--0-5-T00:00:00.000Z,name-bot,9666,738
2020--0-6-T00:00:00.000Z,anonymous,24870,1549
2020--0-6-T00:00:00.000Z,user,120126,36281
2020--0-6-T00:00:00.000Z,group-bot,33611,24803
2020--0-6-T00:00:00.000Z,name-bot,7427,2788
2020--0-7-T00:00:00.000Z,anonymous,20192,1454
2020--0-7-T00:00:00.000Z,user,114424,34036
2020--0-7-T00:00:00.000Z,group-bot,70680,16903
2020--0-7-T00:00:00.000Z,name-bot,1938,295
2020--0-8-T00:00:00.000Z,anonymous,19652,1742
2020--0-8-T00:00:00.000Z,user,116189,37059
2020--0-8-T00:00:00.000Z,group-bot,26346,9972
2020--0-8-T00:00:00.000Z,name-bot,243,195
2020--0-9-T00:00:00.000Z,anonymous,19315,1334
2020--0-9-T00:00:00.000Z,user,116732,31935
2020--0-9-T00:00:00.000Z,group-bot,22300,12203
2020--0-9-T00:00:00.000Z,name-bot,45,246
2020--1-0-T00:00:00.000Z,anonymous,23792,1766
2020--1-0-T00:00:00.000Z,user,123362,35326
2020--1-0-T00:00:00.000Z,group-bot,45869,13550
2020--1-0-T00:00:00.000Z,name-bot,1699,843
2020--1-1-T00:00:00.000Z,anonymous,25466,1873
2020--1-1-T00:00:00.000Z,user,132503,40986
2020--1-1-T00:00:00.000Z,group-bot,74518,16990
2020--1-1-T00:00:00.000Z,name-bot,4696,191
2020--1-2-T00:00:00.000Z,anonymous,26499,1860
2020--1-2-T00:00:00.000Z,user,145256,40513
2020--1-2-T00:00:00.000Z,group-bot,50470,16055
2020--1-2-T00:00:00.000Z,name-bot,13,540
2021--0-1-T00:00:00.000Z,anonymous,25179,2221
2021--0-1-T00:00:00.000Z,user,160195,48986
2021--0-1-T00:00:00.000Z,group-bot,65867,18780
2021--0-1-T00:00:00.000Z,name-bot,21232,237
2021--0-2-T00:00:00.000Z,anonymous,23825,1556
2021--0-2-T00:00:00.000Z,user,132547,43639
2021--0-2-T00:00:00.000Z,group-bot,37628,13117
2021--0-2-T00:00:00.000Z,name-bot,124,220
2021--0-3-T00:00:00.000Z,anonymous,25967,2428
2021--0-3-T00:00:00.000Z,user,156294,43917
2021--0-3-T00:00:00.000Z,group-bot,110965,17665
2021--0-3-T00:00:00.000Z,name-bot,741,240
2021--0-4-T00:00:00.000Z,anonymous,23040,2160
2021--0-4-T00:00:00.000Z,user,133423,39503
2021--0-4-T00:00:00.000Z,group-bot,35090,18205
2021--0-4-T00:00:00.000Z,name-bot,20252,322
2021--0-5-T00:00:00.000Z,anonymous,24499,2464
2021--0-5-T00:00:00.000Z,user,140153,38149
2021--0-5-T00:00:00.000Z,group-bot,28616,26126
2021--0-5-T00:00:00.000Z,name-bot,83487,420
2021--0-6-T00:00:00.000Z,anonymous,21677,2308
2021--0-6-T00:00:00.000Z,user,118596,31657
2021--0-6-T00:00:00.000Z,group-bot,28782,25634
2021--0-6-T00:00:00.000Z,name-bot,79621,209
2021--0-7-T00:00:00.000Z,anonymous,23999,2046
2021--0-7-T00:00:00.000Z,user,110719,31522
2021--0-7-T00:00:00.000Z,group-bot,100618,16478
2021--0-7-T00:00:00.000Z,name-bot,30498,261
2021--0-8-T00:00:00.000Z,anonymous,21809,1743
2021--0-8-T00:00:00.000Z,user,118840,32162
2021--0-8-T00:00:00.000Z,group-bot,27955,14675
2021--0-8-T00:00:00.000Z,name-bot,5195,224
2021--0-9-T00:00:00.000Z,anonymous,18573,1662
2021--0-9-T00:00:00.000Z,user,111935,30435
2021--0-9-T00:00:00.000Z,group-bot,42154,22622
2021--0-9-T00:00:00.000Z,name-bot,9459,252
2021--1-0-T00:00:00.000Z,anonymous,20370,1805
2021--1-0-T00:00:00.000Z,user,129011,33415
2021--1-0-T00:00:00.000Z,group-bot,43719,17957
2021--1-0-T00:00:00.000Z,name-bot,28689,276
2021--1-1-T00:00:00.000Z,anonymous,19425,2036
2021--1-1-T00:00:00.000Z,user,123065,31323
2021--1-1-T00:00:00.000Z,group-bot,290157,15061
2021--1-1-T00:00:00.000Z,name-bot,13534,25
2021--1-2-T00:00:00.000Z,anonymous,20383,2209
2021--1-2-T00:00:00.000Z,user,127038,30107
2021--1-2-T00:00:00.000Z,group-bot,88678,10403
2021--1-2-T00:00:00.000Z,name-bot,10505,374
2022--0-1-T00:00:00.000Z,anonymous,27750,2203
2022--0-1-T00:00:00.000Z,user,147243,34962
2022--0-1-T00:00:00.000Z,group-bot,87646,16152
2022--0-1-T00:00:00.000Z,name-bot,33257,164
2022--0-2-T00:00:00.000Z,anonymous,21622,2145
2022--0-2-T00:00:00.000Z,user,120246,35172
2022--0-2-T00:00:00.000Z,group-bot,69914,12869
2022--0-2-T00:00:00.000Z,name-bot,40045,465
2022--0-3-T00:00:00.000Z,anonymous,20523,2203
2022--0-3-T00:00:00.000Z,user,113869,29231
2022--0-3-T00:00:00.000Z,group-bot,26113,15309
2022--0-3-T00:00:00.000Z,name-bot,35758,324
2022--0-4-T00:00:00.000Z,anonymous,19977,1759
2022--0-4-T00:00:00.000Z,user,110919,29218
2022--0-4-T00:00:00.000Z,group-bot,139954,9463
2022--0-4-T00:00:00.000Z,name-bot,9112,160
2022--0-5-T00:00:00.000Z,anonymous,22658,2646
2022--0-5-T00:00:00.000Z,user,119332,31299
2022--0-5-T00:00:00.000Z,group-bot,46243,8555
2022--0-5-T00:00:00.000Z,name-bot,365,182
2022--0-6-T00:00:00.000Z,anonymous,17931,2158
2022--0-6-T00:00:00.000Z,user,107904,28899
2022--0-6-T00:00:00.000Z,group-bot,14836,9313
2022--0-6-T00:00:00.000Z,name-bot,4,181
2022--0-7-T00:00:00.000Z,anonymous,16610,1710
2022--0-7-T00:00:00.000Z,user,117604,34441
2022--0-7-T00:00:00.000Z,group-bot,33091,9163
2022--0-7-T00:00:00.000Z,name-bot,6765,245
2022--0-8-T00:00:00.000Z,anonymous,19004,1589
2022--0-8-T00:00:00.000Z,user,112332,30803
2022--0-8-T00:00:00.000Z,group-bot,50623,10200
2022--0-8-T00:00:00.000Z,name-bot,63,213
2022--0-9-T00:00:00.000Z,anonymous,21149,1472
2022--0-9-T00:00:00.000Z,user,106966,30969
2022--0-9-T00:00:00.000Z,group-bot,181854,47370
2022--0-9-T00:00:00.000Z,name-bot,1,171
2022--1-0-T00:00:00.000Z,anonymous,20840,2287
2022--1-0-T00:00:00.000Z,user,120247,32192
2022--1-0-T00:00:00.000Z,group-bot,30904,20131
2022--1-0-T00:00:00.000Z,name-bot,4,113
2022--1-1-T00:00:00.000Z,anonymous,22688,2823
2022--1-1-T00:00:00.000Z,user,120899,35452
2022--1-1-T00:00:00.000Z,group-bot,51476,12410
2022--1-1-T00:00:00.000Z,name-bot,5,174
2022--1-2-T00:00:00.000Z,anonymous,20065,1909
2022--1-2-T00:00:00.000Z,user,127640,34469
2022--1-2-T00:00:00.000Z,group-bot,78266,11081
2022--1-2-T00:00:00.000Z,name-bot,6,173
2023--0-1-T00:00:00.000Z,anonymous,20928,2579
2023--0-1-T00:00:00.000Z,user,135706,40049
2023--0-1-T00:00:00.000Z,group-bot,76034,13950
2023--0-1-T00:00:00.000Z,name-bot,6,643
2023--0-2-T00:00:00.000Z,anonymous,20632,2048
2023--0-2-T00:00:00.000Z,user,129028,33991
2023--0-2-T00:00:00.000Z,group-bot,61664,13030
2023--0-2-T00:00:00.000Z,name-bot,11,203
2023--0-3-T00:00:00.000Z,anonymous,20393,2218
2023--0-3-T00:00:00.000Z,user,129454,34938
2023--0-3-T00:00:00.000Z,group-bot,35375,14309
2023--0-3-T00:00:00.000Z,name-bot,11,128
2023--0-4-T00:00:00.000Z,anonymous,21230,2113
2023--0-4-T00:00:00.000Z,user,115008,31254
2023--0-4-T00:00:00.000Z,group-bot,26415,11622
2023--0-4-T00:00:00.000Z,name-bot,16,122
2023--0-5-T00:00:00.000Z,anonymous,16815,1906
2023--0-5-T00:00:00.000Z,user,120810,32468
2023--0-5-T00:00:00.000Z,group-bot,65651,13296
2023--0-5-T00:00:00.000Z,name-bot,5,114
2023--0-6-T00:00:00.000Z,anonymous,18213,1510
2023--0-6-T00:00:00.000Z,user,110413,32944
2023--0-6-T00:00:00.000Z,group-bot,67661,12192
2023--0-6-T00:00:00.000Z,name-bot,26,40
2023--0-7-T00:00:00.000Z,anonymous,18581,1755
2023--0-7-T00:00:00.000Z,user,108047,30870
2023--0-7-T00:00:00.000Z,group-bot,15795,10657
2023--0-7-T00:00:00.000Z,name-bot,18,1
2023--0-8-T00:00:00.000Z,anonymous,16476,1558
2023--0-8-T00:00:00.000Z,user,120696,34425
2023--0-8-T00:00:00.000Z,group-bot,13434,12152
2023--0-8-T00:00:00.000Z,name-bot,162,25
2023--0-9-T00:00:00.000Z,anonymous,20863,1517
2023--0-9-T00:00:00.000Z,user,133439,36794
2023--0-9-T00:00:00.000Z,group-bot,20885,12025
2023--0-9-T00:00:00.000Z,name-bot,3242,108
2023--1-0-T00:00:00.000Z,anonymous,17469,1429
2023--1-0-T00:00:00.000Z,user,130848,34188
2023--1-0-T00:00:00.000Z,group-bot,21040,23176
2023--1-0-T00:00:00.000Z,name-bot,4166,230
2023--1-1-T00:00:00.000Z,anonymous,19613,1959
2023--1-1-T00:00:00.000Z,user,136944,34851
2023--1-1-T00:00:00.000Z,group-bot,90989,18188
2023--1-1-T00:00:00.000Z,name-bot,1710,52
2023--1-2-T00:00:00.000Z,anonymous,20638,1890
2023--1-2-T00:00:00.000Z,user,133844,33664
2023--1-2-T00:00:00.000Z,group-bot,172587,16376
2023--1-2-T00:00:00.000Z,name-bot,367,55
2024--0-1-T00:00:00.000Z,anonymous,25215,2448
2024--0-1-T00:00:00.000Z,user,142643,37870
2024--0-1-T00:00:00.000Z,group-bot,117049,18357
2024--0-1-T00:00:00.000Z,name-bot,2589,18
2024--0-2-T00:00:00.000Z,anonymous,20729,1978
2024--0-2-T00:00:00.000Z,user,133062,38561
2024--0-2-T00:00:00.000Z,group-bot,57307,14917
2024--0-2-T00:00:00.000Z,name-bot,2892,18
2024--0-3-T00:00:00.000Z,anonymous,18925,2007
2024--0-3-T00:00:00.000Z,user,125578,44922
2024--0-3-T00:00:00.000Z,group-bot,40989,111795
2024--0-3-T00:00:00.000Z,name-bot,2791,2
2024--0-4-T00:00:00.000Z,anonymous,16729,1550
2024--0-4-T00:00:00.000Z,user,119426,41420
2024--0-4-T00:00:00.000Z,group-bot,53827,42101
2024--0-4-T00:00:00.000Z,name-bot,110,5
2024--0-5-T00:00:00.000Z,anonymous,16075,1307
2024--0-5-T00:00:00.000Z,user,120423,38192
2024--0-5-T00:00:00.000Z,group-bot,9956,23453
2024--0-5-T00:00:00.000Z,name-bot,145,34
2024--0-6-T00:00:00.000Z,anonymous,14158,1385
2024--0-6-T00:00:00.000Z,user,115425,47474
2024--0-6-T00:00:00.000Z,group-bot,39734,32969
2024--0-6-T00:00:00.000Z,name-bot,72,24
2024--0-7-T00:00:00.000Z,anonymous,15912,1870
2024--0-7-T00:00:00.000Z,user,120108,36892
2024--0-7-T00:00:00.000Z,group-bot,78923,29209
2024--0-7-T00:00:00.000Z,name-bot,4199,25
2024--0-8-T00:00:00.000Z,anonymous,14142,2129
2024--0-8-T00:00:00.000Z,user,113532,29747
2024--0-8-T00:00:00.000Z,group-bot,18414,16645
2024--0-8-T00:00:00.000Z,name-bot,6,13
2024--0-9-T00:00:00.000Z,anonymous,14590,1507
2024--0-9-T00:00:00.000Z,user,106079,33116
2024--0-9-T00:00:00.000Z,group-bot,15543,27906
2024--0-9-T00:00:00.000Z,name-bot,3,146
2024--1-0-T00:00:00.000Z,anonymous,16205,1049
2024--1-0-T00:00:00.000Z,user,114297,34961
2024--1-0-T00:00:00.000Z,group-bot,36968,24775
2024--1-0-T00:00:00.000Z,name-bot,1,11
2024--1-1-T00:00:00.000Z,anonymous,15910,1355
2024--1-1-T00:00:00.000Z,user,121118,35351
2024--1-1-T00:00:00.000Z,group-bot,27727,128579
2024--1-1-T00:00:00.000Z,name-bot,3,16
2024--1-2-T00:00:00.000Z,anonymous,17281,1646
2024--1-2-T00:00:00.000Z,user,123082,34661
2024--1-2-T00:00:00.000Z,group-bot,17391,36792
2024--1-2-T00:00:00.000Z,name-bot,5,29
2025--0-1-T00:00:00.000Z,anonymous,18356,1844
2025--0-1-T00:00:00.000Z,user,132929,38591
2025--0-1-T00:00:00.000Z,group-bot,16480,17882
2025--0-1-T00:00:00.000Z,name-bot,132,13
2025--0-2-T00:00:00.000Z,anonymous,15125,1555
2025--0-2-T00:00:00.000Z,user,112310,32131
2025--0-2-T00:00:00.000Z,group-bot,20571,18539
2025--0-2-T00:00:00.000Z,name-bot,37,20
2025--0-3-T00:00:00.000Z,anonymous,16437,2783
2025--0-3-T00:00:00.000Z,user,118229,36533
2025--0-3-T00:00:00.000Z,group-bot,17992,21683
2025--0-3-T00:00:00.000Z,name-bot,7,46
2025--0-4-T00:00:00.000Z,anonymous,16568,2379
2025--0-4-T00:00:00.000Z,user,121148,37484
2025--0-4-T00:00:00.000Z,group-bot,17929,114266
2025--0-4-T00:00:00.000Z,name-bot,,15
2025--0-5-T00:00:00.000Z,anonymous,16789,1829
2025--0-5-T00:00:00.000Z,user,120981,36831
2025--0-5-T00:00:00.000Z,group-bot,11063,21108
2025--0-5-T00:00:00.000Z,name-bot,2,184
2025--0-6-T00:00:00.000Z,anonymous,13397,1818
2025--0-6-T00:00:00.000Z,user,106671,33146
2025--0-6-T00:00:00.000Z,group-bot,23427,17363
2025--0-6-T00:00:00.000Z,name-bot,3,197
2025--0-7-T00:00:00.000Z,anonymous,15391,1754
2025--0-7-T00:00:00.000Z,user,107787,35240
2025--0-7-T00:00:00.000Z,group-bot,7600,37521
2025--0-7-T00:00:00.000Z,name-bot,,172
2025--0-8-T00:00:00.000Z,anonymous,16084,2222
2025--0-8-T00:00:00.000Z,user,105865,32205
2025--0-8-T00:00:00.000Z,group-bot,8994,16327
2025--0-8-T00:00:00.000Z,name-bot,1,185
2025--0-9-T00:00:00.000Z,anonymous,17381,2387
2025--0-9-T00:00:00.000Z,user,99387,33775
2025--0-9-T00:00:00.000Z,group-bot,23385,16524
2025--0-9-T00:00:00.000Z,name-bot,,204
2025--1-0-T00:00:00.000Z,anonymous,15559,2260
2025--1-0-T00:00:00.000Z,user,103711,35054
2025--1-0-T00:00:00.000Z,group-bot,41894,17599
2025--1-0-T00:00:00.000Z,name-bot,5,238
2025--1-1-T00:00:00.000Z,anonymous,16408,2512
2025--1-1-T00:00:00.000Z,user,117412,35531
2025--1-1-T00:00:00.000Z,group-bot,57620,18053
2025--1-1-T00:00:00.000Z,name-bot,,127
2025--1-2-T00:00:00.000Z,anonymous,14786,1545
2025--1-2-T00:00:00.000Z,user,121031,35980
2025--1-2-T00:00:00.000Z,group-bot,73561,19674
2025--1-2-T00:00:00.000Z,name-bot,8,154
2026--0-1-T00:00:00.000Z,anonymous,12338,1343
2026--0-1-T00:00:00.000Z,user,132672,37546
2026--0-1-T00:00:00.000Z,group-bot,255305,25041
2026--0-1-T00:00:00.000Z,name-bot,1,220
2026--0-2-T00:00:00.000Z,anonymous,12147,1257
2026--0-2-T00:00:00.000Z,user,118088,30741
2026--0-2-T00:00:00.000Z,group-bot,60537,24799
2026--0-2-T00:00:00.000Z,name-bot,,331
2026--0-3-T00:00:00.000Z,anonymous,12919,1503
2026--0-3-T00:00:00.000Z,user,110292,31422
2026--0-3-T00:00:00.000Z,group-bot,57099,24307
2026--0-3-T00:00:00.000Z,name-bot,1,111
2026--0-4-T00:00:00.000Z,anonymous,11541,1220
2026--0-4-T00:00:00.000Z,user,98072,32290
2026--0-4-T00:00:00.000Z,group-bot,40124,20913
2026--0-4-T00:00:00.000Z,name-bot,33,6
2026--0-5-T00:00:00.000Z,anonymous,12648,1279
2026--0-5-T00:00:00.000Z,user,115325,34782
2026--0-5-T00:00:00.000Z,group-bot,49233,20944
2026--0-5-T00:00:00.000Z,name-bot,4,2