month,nowe_rejestracje,aktywni_edytorzy,wszystkie_edycje_ludzi
2001-09-01,,1,12.0
2001-10-01,,3,123.0
2001-11-01,1.0,7,428.0
2001-12-01,,9,225.0
2002-01-01,,11,590.0
2002-02-01,,11,590.0
2002-03-01,,12,818.0
2002-04-01,,14,754.0
2002-05-01,,9,1149.0
2002-06-01,,12,962.0
2002-07-01,1.0,15,2018.0
2002-08-01,1.0,18,1696.0
2002-09-01,2.0,22,3406.0
2002-10-01,1.0,25,2720.0
2002-11-01,2.0,32,10147.0
2002-12-01,,33,4230.0
2003-01-01,,33,5090.0
2003-02-01,,32,6231.0
2003-03-01,,44,9714.0
2003-04-01,,45,7100.0
2003-05-01,,55,5815.0
2003-06-01,,49,5647.0
2003-07-01,,52,6287.0
2003-08-01,,50,4487.0
2003-09-01,,53,5362.0
2003-10-01,1.0,50,6932.0
2003-11-01,,64,10143.0
2003-12-01,,79,11983.0
2004-01-01,,91,13354.0
2004-02-01,,117,14483.0
2004-03-01,,133,19785.0
2004-04-01,,131,17771.0
2004-05-01,,153,18898.0
2004-06-01,,187,30665.0
2004-07-01,,175,26757.0
2004-08-01,,188,24469.0
2004-09-01,,265,37205.0
2004-10-01,,288,39537.0
2004-11-01,,312,47563.0
2004-12-01,,311,44928.0
2005-01-01,,428,57682.0
2005-02-01,,411,55216.0
2005-03-01,,403,57563.0
2005-04-01,1.0,525,74388.0
2005-05-01,,559,89317.0
2005-06-01,,698,105369.0
2005-07-01,1.0,635,78580.0
2005-08-01,,714,82420.0
2005-09-01,1199.0,697,87095.0
2005-10-01,1784.0,705,91075.0
2005-11-01,2158.0,685,87689.0
2005-12-01,2966.0,892,126464.0
2006-01-01,4014.0,1161,167248.0
2006-02-01,4940.0,1208,157182.0
2006-03-01,6468.0,1363,181043.0
2006-04-01,5123.0,1286,161827.0
2006-05-01,6209.0,1493,181687.0
2006-06-01,4648.0,1490,192093.0
2006-07-01,3392.0,1522,200281.0
2006-08-01,3570.0,1603,237199.0
2006-09-01,5060.0,1635,223125.0
2006-10-01,6401.0,1612,211753.0
2006-11-01,6861.0,1763,236193.0
2006-12-01,5712.0,1956,247807.0
2007-01-01,7099.0,2251,275396.0
2007-02-01,6312.0,2154,277958.0
2007-03-01,5844.0,2046,284432.0
2007-04-01,6411.0,2120,280917.0
2007-05-01,7665.0,2416,309855.0
2007-06-01,5452.0,2304,311663.0
2007-07-01,4428.0,2220,299224.0
2007-08-01,4407.0,2246,289155.0
2007-09-01,5803.0,2177,276404.0
2007-10-01,6571.0,2068,258374.0
2007-11-01,6181.0,2111,257087.0
2007-12-01,5520.0,2113,249686.0
2008-01-01,7144.0,2264,257656.0
2008-02-01,6633.0,2285,252713.0
2008-03-01,6532.0,2305,276734.0
2008-04-01,6401.0,2215,249296.0
2008-05-01,6282.0,2373,267531.0
2008-06-01,4982.0,2390,253584.0
2008-07-01,3965.0,2275,249308.0
2008-08-01,3597.0,2296,252706.0
2008-09-01,4572.0,2133,251484.0
2008-10-01,4724.0,2075,257589.0
2008-11-01,5138.0,2209,248121.0
2008-12-01,4333.0,2180,243734.0
2009-01-01,5942.0,2566,284562.0
2009-02-01,4843.0,2289,261150.0
2009-03-01,5372.0,2272,262454.0
2009-04-01,4387.0,2123,242211.0
2009-05-01,4774.0,2194,243570.0
2009-06-01,3975.0,2209,236228.0
2009-07-01,3479.0,2208,245073.0
2009-08-01,3548.0,2221,244823.0
2009-09-01,4319.0,2123,230240.0
2009-10-01,5282.0,2062,238843.0
2009-11-01,5259.0,2118,245733.0
2009-12-01,4361.0,2058,238458.0
2010-01-01,5598.0,2243,258987.0
2010-02-01,4801.0,2072,238762.0
2010-03-01,4572.0,2108,239015.0
2010-04-01,4673.0,2135,239074.0
2010-05-01,4658.0,2042,244240.0
2010-06-01,3589.0,1960,222324.0
2010-07-01,2715.0,1875,216229.0
2010-08-01,2692.0,1926,218420.0
2010-09-01,2934.0,1792,214489.0
2010-10-01,2855.0,1792,202570.0
2010-11-01,2879.0,1792,210176.0
2010-12-01,2575.0,1841,214265.0
2011-01-01,3432.0,2061,242014.0
2011-02-01,3122.0,1987,220843.0
2011-03-01,2960.0,1871,210842.0
2011-04-01,2340.0,1803,203820.0
2011-05-01,2550.0,1806,207359.0
2011-06-01,2180.0,1817,210683.0
2011-07-01,2237.0,1865,218920.0
2011-08-01,2042.0,1805,215170.0
2011-09-01,2020.0,1661,207632.0
2011-10-01,2374.0,1773,205780.0
2011-11-01,2268.0,1702,205504.0
2011-12-01,2175.0,1803,227309.0
2012-01-01,2723.0,1979,227347.0
2012-02-01,2379.0,1806,211845.0
2012-03-01,2247.0,1771,218735.0
2012-04-01,1933.0,1723,201097.0
2012-05-01,2233.0,1872,205785.0
2012-06-01,2183.0,1813,200548.0
2012-07-01,2047.0,1849,209805.0
2012-08-01,1960.0,1819,227661.0
2012-09-01,2093.0,1703,184642.0
2012-10-01,2243.0,1672,183417.0
2012-11-01,2487.0,1717,190727.0
2012-12-01,2017.0,1689,202549.0
2013-01-01,2587.0,1869,224727.0
2013-02-01,2364.0,1763,199232.0
2013-03-01,2611.0,1819,198561.0
2013-04-01,2375.0,1676,184847.0
2013-05-01,2315.0,1709,197346.0
2013-06-01,2182.0,1646,180292.0
2013-07-01,1913.0,1539,170970.0
2013-08-01,2119.0,1569,172874.0
2013-09-01,2517.0,1566,170866.0
2013-10-01,2681.0,1477,160991.0
2013-11-01,2854.0,1522,175293.0
2013-12-01,2549.0,1556,177689.0
2014-01-01,2910.0,1670,213010.0
2014-02-01,2448.0,1557,181066.0
2014-03-01,2530.0,1506,180563.0
2014-04-01,2411.0,1432,169457.0
2014-05-01,2624.0,1493,168383.0
2014-06-01,2114.0,1405,160450.0
2014-07-01,2228.0,1411,165165.0
2014-08-01,3649.0,1431,169581.0
2014-09-01,4307.0,1380,159152.0
2014-10-01,3516.0,1353,175133.0
2014-11-01,3329.0,1389,168694.0
2014-12-01,3063.0,1427,183898.0
2015-01-01,3944.0,1590,214290.0
2015-02-01,3069.0,1473,183369.0
2015-03-01,3208.0,1444,194623.0
2015-04-01,3897.0,1455,162625.0
2015-05-01,2969.0,1381,161385.0
2015-06-01,2630.0,1397,180125.0
2015-07-01,2047.0,1438,174155.0
2015-08-01,2021.0,1437,176489.0
2015-09-01,1901.0,1294,163545.0
2015-10-01,2271.0,1375,180156.0
2015-11-01,2298.0,1448,177347.0
2015-12-01,2484.0,1434,176098.0
2016-01-01,3027.0,1621,203277.0
2016-02-01,2750.0,1465,186930.0
2016-03-01,2873.0,1432,190291.0
2016-04-01,2352.0,1330,173886.0
2016-05-01,2291.0,1444,184802.0
2016-06-01,1820.0,1372,163204.0
2016-07-01,1619.0,1406,178042.0
2016-08-01,1661.0,1407,173811.0
2016-09-01,1750.0,1349,172410.0
2016-10-01,2124.0,1332,183177.0
2016-11-01,2350.0,1356,183574.0
2016-12-01,2248.0,1383,207463.0
2017-01-01,2668.0,1567,221551.0
2017-02-01,2562.0,1496,191379.0
2017-03-01,2881.0,1538,196906.0
2017-04-01,2599.0,1465,182522.0
2017-05-01,3059.0,1471,187414.0
2017-06-01,2106.0,1416,172377.0
2017-07-01,1888.0,1396,166758.0
2017-08-01,1784.0,1405,169699.0
2017-09-01,1834.0,1328,170452.0
2017-10-01,2286.0,1397,185305.0
2017-11-01,2596.0,1420,196739.0
2017-12-01,2224.0,1461,194792.0
2018-01-01,2843.0,1643,203834.0
2018-02-01,2326.0,1469,172088.0
2018-03-01,2663.0,1499,189635.0
2018-04-01,2171.0,1418,164700.0
2018-05-01,2373.0,1473,173647.0
2018-06-01,2144.0,1382,159536.0
2018-07-01,2059.0,1400,167513.0
2018-08-01,1947.0,1422,173552.0
2018-09-01,2113.0,1346,156215.0
2018-10-01,2308.0,1407,156314.0
2018-11-01,2733.0,1514,167173.0
2018-12-01,2714.0,1499,184130.0
2019-01-01,3269.0,1715,202393.0
2019-02-01,2606.0,1517,174666.0
2019-03-01,3578.0,1567,189144.0
2019-04-01,2434.0,1425,178132.0
2019-05-01,2940.0,1456,171651.0
2019-06-01,2543.0,1378,145935.0
2019-07-01,2333.0,1390,150688.0
2019-08-01,2325.0,1354,145369.0
2019-09-01,2414.0,1350,147786.0
2019-10-01,2664.0,1433,161665.0
2019-11-01,2785.0,1493,165378.0
2019-12-01,2584.0,1416,167091.0
2020-01-01,3314.0,1653,192106.0
2020-02-01,2953.0,1535,182096.0
2020-03-01,3092.0,1663,215954.0
2020-04-01,3302.0,1611,213947.0
2020-05-01,3604.0,1715,215473.0
2020-06-01,2778.0,1521,182826.0
2020-07-01,2358.0,1417,170106.0
2020-08-01,2224.0,1430,174642.0
2020-09-01,2069.0,1384,169316.0
2020-10-01,2492.0,1446,184246.0
2020-11-01,3016.0,1600,200828.0
2020-12-01,2686.0,1615,214128.0
2021-01-01,3379.0,1867,236581.0
2021-02-01,3003.0,1698,201567.0
2021-03-01,3109.0,1619,228606.0
2021-04-01,2730.0,1538,198126.0
2021-05-01,2568.0,1618,205265.0
2021-06-01,1782.0,1432,174238.0
2021-07-01,1773.0,1427,168286.0
2021-08-01,1853.0,1435,174554.0
2021-09-01,1876.0,1365,162605.0
2021-10-01,2162.0,1526,184601.0
2021-11-01,2178.0,1461,175849.0
2021-12-01,2057.0,1425,179737.0
2022-01-01,2649.0,1660,212158.0
2022-02-01,2337.0,1545,179185.0
2022-03-01,2257.0,1412,165826.0
2022-04-01,2288.0,1443,161873.0
2022-05-01,2076.0,1494,175935.0
2022-06-01,1909.0,1465,156892.0
2022-07-01,1670.0,1416,170365.0
2022-08-01,1547.0,1474,163728.0
2022-09-01,1733.0,1386,160556.0
2022-10-01,2139.0,1452,175566.0
2022-11-01,2058.0,1402,181862.0
2022-12-01,1984.0,1456,184083.0
2023-01-01,2328.0,1667,199262.0
2023-02-01,2073.0,1515,185699.0
2023-03-01,2155.0,1501,187003.0
2023-04-01,1902.0,1429,169605.0
2023-05-01,2006.0,1457,171999.0
2023-06-01,1893.0,1463,163080.0
2023-07-01,1827.0,1444,159253.0
2023-08-01,1981.0,1526,173155.0
2023-09-01,1728.0,1456,192613.0
2023-10-01,2012.0,1439,183934.0
2023-11-01,2664.0,1490,193367.0
2023-12-01,1992.0,1492,190036.0
2024-01-01,2465.0,1742,208176.0
2024-02-01,2040.0,1567,194330.0
2024-03-01,2192.0,1535,191432.0
2024-04-01,2085.0,1437,179125.0
2024-05-01,2314.0,1503,175997.0
2024-06-01,2033.0,1471,178442.0
2024-07-01,1981.0,1475,174782.0
2024-08-01,2005.0,1434,159550.0
2024-09-01,1723.0,1402,155292.0
2024-10-01,2023.0,1395,166512.0
2024-11-01,2086.0,1452,173734.0
2024-12-01,1939.0,1508,176670.0
2025-01-01,2369.0,1704,191720.0
2025-02-01,1811.0,1424,161121.0
2025-03-01,2044.0,1481,173982.0
2025-04-01,1833.0,1364,177579.0
2025-05-01,2000.0,1456,176430.0
2025-06-01,1874.0,1494,155032.0
2025-07-01,2030.0,1458,160172.0
2025-08-01,1810.0,1383,156376.0
2025-09-01,1787.0,1366,152930.0
2025-10-01,2201.0,1465,156584.0
2025-11-01,2072.0,1391,171863.0
2025-12-01,2450.0,1398,173342.0
2026-01-01,2544.0,1582,183899.0
2026-02-01,2025.0,1404,162233.0
2026-03-01,2081.0,1440,156136.0
2026-04-01,1904.0,1323,143123.0
2026-05-01,3328.0,1431,164034.0
2026-06-01,2204.0,1363,
